<?xml version='1.0' encoding='utf-8'?>
<placeable xmlns:xsi="http://www.w3.org/2001/XMLSchema-instance" type="simplePlaceable" xsi:noNamespaceSchemaLocation="../../../../shared/xml/schema/placeable.xsd">
  <storeData>
    <name>
      <en>Concrete Divider</en>
      <de>Betontrennwand</de>
      <fr>Diviseur De Béton</fr>
    </name>
    <functions>
      <function>$l10n_function_decoration</function>
    </functions>
    <image>Store_Concrete_Block.dds</image>
    <price>1250</price>
    <dailyUpkeep>25</dailyUpkeep>
    <lifetime>1000</lifetime>
    <rotation>0</rotation>
    <brand>NONE</brand>
    <species>placeable</species>
    <brush>
      <type>placeable</type>
      <category>decoration</category>
      <tab>uncategorized</tab>
    </brush>
    <canBeSold>true</canBeSold>
    <showInStore>true</showInStore>
    <vertexBufferMemoryUsage>1010176</vertexBufferMemoryUsage>
    <indexBufferMemoryUsage>123904</indexBufferMemoryUsage>
    <textureMemoryUsage>3735552</textureMemoryUsage>
    <audioMemoryUsage>0</audioMemoryUsage>
    <instanceVertexBufferMemoryUsage>0</instanceVertexBufferMemoryUsage>
    <instanceIndexBufferMemoryUsage>0</instanceIndexBufferMemoryUsage>
  </storeData>
  <base>
    <filename>Concrete_Block.i3d</filename>
  </base>
  <placement useRandomYRotation="false" useManualYRotation="true">
    <testAreas>
      <testArea startNode="TestStart" endNode="TestEnd" />
    </testAreas>
  </placement>
  <clearAreas>
    <clearArea startNode="clearArea1Start" widthNode="clearArea1Width" heightNode="clearArea1Height" />
  </clearAreas>
  <indoorAreas>
    <indoorArea startNode="indoorArea1Start" widthNode="indoorArea1Width" heightNode="indoorArea1Height" />
  </indoorAreas>
  <tipOcclusionUpdateAreas>
    <tipOcclusionUpdateArea startNode="tipOcclusionUpdateAreasStart" endNode="tipOcclusionUpdateAreasEnd" />
  </tipOcclusionUpdateAreas>
  <ai>
    <updateAreas>
      <updateArea startNode="AiUpdateAreaStart" endNode="AiUpdateAreaEnd" />
    </updateAreas>
  </ai>
  <leveling requireLeveling="true" maxSmoothDistance="10" maxSlope="75" maxEdgeAngle="30">
    <levelAreas>
      <levelArea startNode="LevelingStart" widthNode="LevelingWidth" heightNode="LevelingHeight" groundType="asphalt" />
    </levelAreas>
  </leveling>
  <i3dMappings>
    <i3dMapping id="AiUpdateAreaEnd" node="0>0|0" />
    <i3dMapping id="AiUpdateAreaStart" node="0>0|1" />
    <i3dMapping id="LevelingStart" node="0>2|0" />
    <i3dMapping id="LevelingHeight" node="0>2|0|0" />
    <i3dMapping id="LevelingWidth" node="0>2|0|1" />
    <i3dMapping id="clearArea1Start" node="0>3|0" />
    <i3dMapping id="clearArea1Height" node="0>3|0|0" />
    <i3dMapping id="clearArea1Width" node="0>3|0|1" />
    <i3dMapping id="indoorArea1Start" node="0>4|0" />
    <i3dMapping id="indoorArea1Height" node="0>4|0|0" />
    <i3dMapping id="indoorArea1Width" node="0>4|0|1" />
    <i3dMapping id="TestStart" node="0>5|0" />
    <i3dMapping id="TestEnd" node="0>5|0|0" />
    <i3dMapping id="tipOcclusionUpdateAreasEnd" node="0>6|0" />
    <i3dMapping id="tipOcclusionUpdateAreasStart" node="0>6|1" />
  </i3dMappings>
</placeable>
