﻿<?xml version="1.0" encoding="utf-8" standalone="no" ?>
<modDesc descVersion="63">
    <author>Dazed</author>
    <version>1.0.0.0</version>
    <title>
        <en>Concrete Divider</en>
        <de>Betontrennwand</de>
        <fr>Diviseur De Béton</fr>
    </title>
    <description>
        <en><![CDATA[A concrete block to divide up a shed, it has collision to stop crops from flowing through them. 

Price £1250. ]]></en>
        <de><![CDATA[Eine Betontrennwand, um einen Schuppen zu unterteilen. Die Wand besitzt eine Kollision, um das Schüttgut zu blockieren.

Preis 1250€.]]></de>
        <fr><![CDATA[Un bloc de béton pour diviser un hangar, il a une collision pour empêcher les récoltes de s'écouler à travers eux.

Prix ​​1250€.]]></fr>
    </description>
    <iconFilename>icon_Concrete_Block.dds</iconFilename>
    <multiplayer supported="true"/>
    <storeItems>
        <storeItem xmlFilename="Concreteblock.xml"/>
    </storeItems>
</modDesc>
